,combined_human_F,combined_human_F 95% CI,combined_human_M,combined_human_M 95% CI,mice_F,mice_F 95% CI,mice_M,mice_M 95% CI,celegans,celegans 95% CI,ecoli,ecoli 95% CI,cats_BPH,cats_BPH 95% CI,drosophila_853,drosophila_853 95% CI,drosophila_707,drosophila_707 95% CI,drosophila_441,drosophila_441 95% CI,drosophila_217,drosophila_217 95% CI,Sweden_M_1910_hetro,Sweden_M_1910_hetro 95% CI,Sweden_F_1910_hetro,Sweden_F_1910_hetro 95% CI,Denmark_M_1900_hetro,Denmark_M_1900_hetro 95% CI,Denmark_M_1890_hetro,Denmark_M_1890_hetro 95% CI,Denmark_F_1900_hetro,Denmark_F_1900_hetro 95% CI,Denmark_F_1890_hetro,Denmark_F_1890_hetro 95% CI,Staffy_vetCompass,Staffy_vetCompass 95% CI,Labradors_vetCompass,Labradors_vetCompass 95% CI,Jack_Russell_vetCompass,Jack_Russell_vetCompass 95% CI,German_Shepherd_vetCompass,German_Shepherd_vetCompass 95% CI,Guiniea_pig_VC,Guiniea_pig_VC 95% CI,cats_vp_M,cats_vp_M 95% CI,cats_vp_F,cats_vp_F 95% CI,Sweden_F_1910_homo,Sweden_F_1910_homo 95% CI,Denmark_M_1900_homo,Denmark_M_1900_homo 95% CI,Denmark_M_1890_homo,Denmark_M_1890_homo 95% CI,yeast,yeast 95% CI
xc/eta,912855.394,"[886369.887, 940132.311]",919654.343,"[836867.44, 949031.463]",40833.909,"[31291.196, 74773.12]",147851.555,"[112677.985, 184654.787]",98.0,"[58.57, 110.966]",0.0429,"[0.0386, 0.0821]",770410.619,"[586188.93, 3685204.602]",8.02,"[6.989, 43.01]",369.203,"[227.956, 401.21]",595.804,"[314.856, 926.547]",596.01,"[524.325, 617.208]",3325056.174,"[3228661.759, 3424328.525]",365868.578,"[357804.354, 374114.554]",1409826.516,"[1378941.973, 1441402.789]",547635.656,"[532866.697, 562813.952]",754938.527,"[736547.649, 773788.607]",830742.121,"[807536.924, 854614.137]",96640.667,"[58847.179, 266862.299]",268976.657,"[137967.21, 446753.547]",199543.737,"[48463.583, 1431163.143]",2884668.88,"[1136445.25, 5711683.058]",339261.093,"[171453.702, 552381.587]",574034.186,"[387329.235, 850736.833]",267851.417,"[261032.751, 770993.618]",335915.11,"[330730.038, 341181.471]",673775.535,"[658147.006, 689775.182]",1310704.176,"[1284864.423, 1337063.59]",8.195,"[8.163, 9.015]"
beta/eta,40773.234,"[40535.425, 41012.438]",39576.404,"[39274.051, 40497.503]",874.45,"[697.221, 991.704]",468.166,"[374.416, 585.39]",6.522,"[5.604, 9.678]",7.721,"[6.281, 7.815]",8688.469,"[4475.691, 8845.64]",102.777,"[59.638, 110.338]",5.196,"[0.212, 10.384]",25.542,"[13.906, 34.161]",0.603,"[0.0171, 3.803]",35650.165,"[35505.268, 35795.654]",42601.663,"[42400.201, 42804.082]",37122.572,"[36968.216, 37277.573]",42044.66,"[41756.878, 42334.426]",40182.759,"[39985.387, 40381.105]",41265.471,"[41036.492, 41495.729]",10025.583,"[6061.708, 20278.233]",6814.717,"[5162.795, 7203.779]",8657.755,"[5602.156, 34261.29]",2513.934,"[1482.26, 4263.668]",2683.418,"[2001.086, 3598.41]",10727.393,"[5824.601, 11899.615]",11837.63,"[4968.423, 13077.73]",68836.318,"[68246.566, 69431.165]",55627.555,"[54824.444, 56442.43]",52533.093,"[52030.854, 53040.181]",0.247,"[0.0137, 0.308]"
xc^2/epsilon,520.054,"[507.375, 533.051]",567.076,"[553.755, 608.995]",607.108,"[397.289, 1230.83]",1732.535,"[1196.257, 2238.953]",197.255,"[93.233, 233.625]",0.0844,"[0.0825, 0.166]",796.699,"[584.825, 4951.088]",1.516,"[1.381, 8.891]",126.992,"[81.18, 138.88]",334.52,"[136.543, 603.521]",472.371,"[405.382, 514.259]",2142.065,"[2099.826, 2185.154]",338.699,"[332.298, 345.224]",801.652,"[785.751, 817.876]",401.045,"[392.398, 409.884]",485.475,"[474.14, 497.081]",504.12,"[494.068, 514.376]",158.032,"[92.462, 470.256]",342.933,"[331.99, 1214.811]",146.955,"[74.846, 4287.938]",10612.686,"[3187.081, 27945.988]",760.991,"[330.111, 1256.061]",515.295,"[318.042, 924.162]",317.062,"[224.941, 842.238]",149.888,"[147.501, 152.313]",226.008,"[220.283, 231.882]",441.129,"[432.571, 449.856]",15.568,"[15.273, 16.721]"
xc,13.778,"[13.321, 14.25]",12.379,"[10.911, 12.911]",30.72,"[11.895, 247.719]",43.722,"[30.568, 1186.249]",43.416,"[14.759, 277.715]",4.275,"[3.144, 7.638]",21.579,"[15.181, 273.661]",3.741,"[2.338, 25.607]",1013.268,"[41.777, 26885.351]",406.701,"[70.428, 1877.535]",4331.645,"[197.305, 49871.4]",14.087,"[13.655, 14.534]",6.159,"[5.984, 6.338]",29.925,"[28.888, 30.999]",6.134,"[5.918, 6.359]",16.37,"[15.902, 16.852]",12.88,"[12.453, 13.321]",6.112,"[0.679, 62.698]",13.864,"[8.972, 82.225]",7.654,"[0.419, 68.324]",313.914,"[24.918, 1573.974]",73.038,"[8.332, 418.281]",18.636,"[14.369, 24.169]",5.304,"[3.222, 59.354]",2.759,"[2.682, 2.838]",9.597,"[9.247, 9.96]",8.009,"[7.788, 8.235]",6139.051,"[2667.026, 12943.813]"
eta,1.55e-05,"[1.5e-05, 1.6e-05]",1.59e-05,"[1.54e-05, 1.74e-05]",0.00228,"[0.000156, 0.00476]",0.0012,"[0.000155, 0.00798]",3.161,"[0.104, 9.019]",100.971,"[74.214, 116.139]",8.22e-06,"[7.92e-06, 8.54e-06]",0.418,"[0.172, 0.857]",3.824,"[0.0806, 61.954]",1.267,"[0.106, 2.457]",4.72,"[0.119, 88.979]",4.18e-06,"[4.07e-06, 4.29e-06]",1.67e-05,"[1.63e-05, 1.71e-05]",2.14e-05,"[2.08e-05, 2.2e-05]",1.13e-05,"[1.09e-05, 1.16e-05]",2.12e-05,"[2.06e-05, 2.18e-05]",1.59e-05,"[1.54e-05, 1.64e-05]",0.000102,"[7.2e-06, 0.000179]",9.3e-05,"[4.48e-05, 0.000193]",7.39e-05,"[7.28e-06, 0.000108]",0.000182,"[1e-05, 0.00051]",0.000293,"[2.29e-05, 0.00113]",3.28e-05,"[2.89e-05, 4.79e-05]",1.92e-05,"[8.08e-06, 9.85e-05]",8.27e-06,"[8.04e-06, 8.51e-06]",1.43e-05,"[1.37e-05, 1.48e-05]",8.57e-06,"[8.36e-06, 8.8e-06]",763.492,"[730.316, 798.176]"
beta,0.674,"[0.619, 0.693]",0.657,"[0.608, 0.674]",1.77,"[0.187, 3.341]",0.517,"[0.072, 3.341]",19.957,"[7.684, 111.21]",788.42,"[504.591, 805.354]",0.0725,"[0.0703, 0.0747]",48.061,"[16.215, 50.196]",5.073,"[0.273, 50.196]",28.638,"[2.666, 50.195]",0.816,"[0.0271, 50.196]",0.15,"[0.147, 0.154]",0.721,"[0.706, 0.736]",0.807,"[0.786, 0.828]",0.468,"[0.456, 0.479]",0.848,"[0.827, 0.87]",0.637,"[0.619, 0.655]",0.777,"[0.156, 1.142]",0.63,"[0.299, 1.049]",0.705,"[0.106, 1.142]",0.423,"[0.0242, 1.141]",1.886,"[0.0648, 2.742]",0.34,"[0.143, 0.554]",0.227,"[0.138, 0.965]",0.563,"[0.551, 0.575]",0.786,"[0.76, 0.813]",0.489,"[0.479, 0.499]",194.169,"[179.513, 210.021]"
epsilon,0.368,"[0.297, 0.395]",0.347,"[0.273, 0.376]",14.801,"[0.0795, 84.501]",10.444,"[0.351, 1097.238]",422.062,"[0.646, 2723.794]",238.396,"[139.501, 516.957]",0.0456,"[0.0421, 0.0493]",8.745,"[2.333, 112.533]",7697.876,"[3.688, 2659926.484]",1298.774,"[9.764, 6014.946]",390906.247,"[9.76, 6230995.089]",0.0864,"[0.0811, 0.0921]",0.121,"[0.114, 0.128]",1.212,"[1.134, 1.295]",0.0922,"[0.0857, 0.0993]",0.532,"[0.501, 0.565]",0.368,"[0.343, 0.395]",0.318,"[0.00319, 7.261]",0.557,"[0.0841, 5.128]",0.291,"[0.0041, 4.859]",21.571,"[0.0818, 228.984]",26.209,"[0.0789, 204.444]",0.714,"[0.41, 1.061]",0.0834,"[0.0402, 15.702]",0.0528,"[0.05, 0.0557]",0.382,"[0.354, 0.413]",0.228,"[0.216, 0.241]",2419530.619,"[2214713.677, 2643289.052]"
sqrt(xc/eta),955.435,"[941.472, 969.604]",958.986,"[914.805, 974.182]",239.372,"[181.226, 280.144]",394.13,"[335.675, 440.46]",9.386,"[7.386, 10.534]",0.207,"[0.197, 0.286]",877.73,"[765.63, 1919.689]",2.832,"[2.644, 6.741]",19.215,"[15.098, 19.7]",24.409,"[17.744, 29.945]",24.413,"[22.898, 24.844]",1823.474,"[1796.848, 1850.494]",604.871,"[598.167, 611.649]",1187.361,"[1174.284, 1200.584]",740.024,"[729.977, 750.209]",868.872,"[858.224, 879.653]",911.451,"[898.631, 924.453]",310.871,"[242.584, 516.587]",518.63,"[371.439, 668.396]",446.703,"[226.339, 1196.312]",1698.431,"[1066.042, 2389.913]",563.837,"[414.07, 743.224]",757.65,"[622.358, 922.354]",517.544,"[510.914, 878.062]",579.582,"[575.091, 584.107]",820.838,"[811.263, 830.527]",976.278,"[966.606, 986.046]",2.863,"[2.857, 3.002]"
s= eta^0.5*xc^1.5/epsilon,0.572,"[0.561, 0.582]",0.535,"[0.525, 0.568]",3.595,"[2.193, 4.486]",4.336,"[3.587, 5.242]",18.25,"[12.185, 22.516]",0.412,"[0.37, 0.587]",0.911,"[0.766, 2.616]",0.536,"[0.506, 1.435]",6.483,"[5.308, 7.117]",13.979,"[7.834, 20.035]",18.961,"[16.909, 20.728]",1.198,"[1.182, 1.215]",0.582,"[0.572, 0.592]",0.678,"[0.67, 0.686]",0.535,"[0.525, 0.546]",0.555,"[0.546, 0.563]",0.551,"[0.542, 0.56]",0.436,"[0.383, 0.938]",0.877,"[0.86, 1.788]",0.373,"[0.279, 1.245]",6.498,"[2.922, 11.151]",1.285,"[0.795, 1.738]",0.659,"[0.527, 3.742]",0.632,"[0.544, 1.094]",0.258,"[0.255, 0.26]",0.271,"[0.267, 0.276]",0.323,"[0.319, 0.327]",5.436,"[5.405, 5.575]"
beta*xc/epsilon,22.994,"[21.601, 23.478]",24.568,"[23.873, 25.282]",12.154,"[11.359, 13.605]",5.298,"[4.276, 6.175]",12.906,"[11.805, 16.864]",15.454,"[11.493, 15.624]",9.188,"[6.207, 9.598]",19.099,"[12.301, 21.443]",1.838,"[0.0765, 3.679]",13.137,"[8.541, 14.319]",0.308,"[0.0141, 2.823]",24.139,"[23.672, 24.615]",41.209,"[40.396, 42.039]",21.571,"[21.359, 21.785]",29.792,"[28.963, 30.644]",25.773,"[25.362, 26.191]",24.771,"[24.292, 25.26]",16.106,"[10.032, 30.087]",15.491,"[13.258, 15.762]",13.151,"[10.71, 36.712]",9.552,"[6.73, 11.2]",5.894,"[4.541, 7.101]",9.527,"[6.787, 10.144]",14.289,"[9.722, 14.51]",30.232,"[29.84, 30.629]",18.431,"[18.183, 18.682]",18.395,"[18.202, 18.59]",0.474,"[0.0248, 0.595]"
eta*xc/epsilon,0.000578,"[0.000566, 0.00059]",0.000673,"[0.000626, 0.000689]",0.0154,"[0.0132, 0.0171]",0.0114,"[0.0104, 0.012]",1.985,"[1.669, 2.21]",1.988,"[1.942, 2.036]",0.00109,"[0.00108, 0.0011]",0.196,"[0.182, 0.219]",0.357,"[0.323, 0.394]",0.527,"[0.432, 0.655]",0.775,"[0.709, 0.847]",0.000663,"[0.000652, 0.000675]",0.000922,"[0.00087, 0.00094]",0.000582,"[0.000578, 0.000587]",0.000725,"[0.000708, 0.000742]",0.000654,"[0.000643, 0.000664]",0.00059,"[0.000581, 0.0006]",0.00157,"[0.0015, 0.00179]",0.00233,"[0.00218, 0.0027]",0.00156,"[0.00135, 0.00187]",0.00359,"[0.00269, 0.00479]",0.00209,"[0.00183, 0.00251]",0.00089,"[0.000859, 0.000896]",0.0012,"[0.00105, 0.00127]",0.000458,"[0.000454, 0.000461]",0.000333,"[0.00033, 0.000335]",0.000344,"[0.000342, 0.000346]",1.898,"[1.851, 1.902]"
Fx=beta^2/eta*xc,1847.096,"[1775.936, 1921.108]",1583.517,"[1515.282, 1807.217]",11.233,"[5.965, 28.025]",1.456,"[0.789, 2.687]",0.428,"[0.253, 1.528]",1444.238,"[294.883, 1950.641]",112.564,"[105.963, 119.576]",952.037,"[65.802, 1578.307]",0.0894,"[9.88e-05, 0.463]",1.306,"[0.215, 4.064]",0.00014,"[5.45e-07, 0.0251]",390.079,"[376.461, 404.189]",4966.616,"[4562.946, 5108.957]",1011.585,"[984.195, 1039.737]",3097.716,"[2984.632, 3215.085]",2119.235,"[2052.51, 2188.129]",1963.936,"[1894.58, 2035.83]",1321.287,"[75.043, 3667.554]",132.697,"[61.892, 319.924]",1908.377,"[10.437, 31820.219]",2.313,"[0.364, 17.264]",24.695,"[8.027, 75.975]",203.817,"[1.461, 367.287]",506.722,"[100.304, 638.65]",11562.621,"[11252.245, 11881.558]",4588.093,"[4382.395, 4803.446]",2124.364,"[2062.772, 2187.794]",0.00762,"[2.21e-05, 0.0119]"
Dx =beta*epsilon/eta*xc^2,79.604,"[77.278, 82.001]",67.457,"[65.627, 69.339]",0.969,"[0.568, 2.443]",0.276,"[0.164, 0.414]",0.0319,"[0.0245, 0.097]",89.191,"[26.237, 98.494]",10.63,"[10.153, 11.13]",66.255,"[5.633, 77.545]",0.0512,"[0.00151, 0.131]",0.0789,"[0.0249, 0.274]",0.00122,"[3.49e-05, 0.00878]",16.945,"[16.552, 17.347]",124.173,"[121.478, 126.928]",45.72,"[44.698, 46.765]",102.646,"[100.253, 105.097]",84.921,"[82.747, 87.152]",81.953,"[80.043, 83.908]",81.37,"[9.082, 114.287]",9.171,"[4.193, 20.061]",71.968,"[1.88, 402.849]",0.258,"[0.0491, 1.352]",3.456,"[1.653, 11.374]",20.798,"[0.604, 35.175]",37.261,"[10.106, 60.498]",320.135,"[313.198, 327.225]",250.745,"[241.755, 260.07]",120.936,"[117.919, 124.03]",0.0161,"[0.000808, 0.0201]"
Pk=beta*k/epsilon,0.874,"[0.829, 0.922]",0.917,"[0.855, 0.984]",0.178,"[0.0252, 0.541]",0.0739,"[0.00194, 0.117]",0.1,"[0.0104, 0.526]",1.807,"[0.862, 2.45]",0.203,"[0.0111, 0.289]",2.682,"[0.258, 4.082]",0.0027,"[2.21e-06, 0.0472]",0.0162,"[0.00264, 0.126]",9.01e-06,"[2.08e-07, 0.0048]",0.87,"[0.828, 0.914]",3.163,"[3.028, 3.303]",0.364,"[0.349, 0.381]",2.41,"[2.262, 2.569]",0.84,"[0.807, 0.875]",0.874,"[0.829, 0.922]",1.304,"[0.0835, 20.389]",0.549,"[0.099, 0.808]",1.011,"[0.0422, 80.493]",0.0122,"[0.00249, 0.215]",0.0612,"[0.00597, 0.421]",0.254,"[0.203, 0.318]",1.402,"[0.0892, 1.801]",5.342,"[5.131, 5.562]",1.018,"[0.968, 1.07]",1.137,"[1.095, 1.182]",3.99e-05,"[3.72e-05, 4.28e-05]"
Fk=beta^2/eta*k,52053.111,"[50581.854, 53567.161]",46517.396,"[45321.405, 50298.087]",753.466,"[443.926, 5241.926]",197.388,"[70.023, 3769.775]",395.024,"[30.527, 874.398]",12050.826,"[7102.336, 12390.872]",4257.222,"[1114.642, 10528.425]",9057.96,"[2434.453, 10751.282]",50.718,"[0.322, 712.625]",1781.174,"[104.177, 3142.631]",0.21,"[0.00319, 142.425]",10599.318,"[10353.614, 10850.853]",65167.097,"[63819.92, 66542.712]",61354.735,"[59821.536, 62927.229]",37767.583,"[36796.555, 38764.235]",70007.511,"[68297.283, 71760.566]",51983.006,"[50592.448, 53411.786]",15878.04,"[4013.476, 21907.102]",3949.85,"[3196.9, 9601.904]",21499.561,"[784.855, 27734.306]",1424.109,"[106.172, 8267.174]",8181.888,"[323.735, 17949.076]",7304.643,"[5144.065, 13104.485]",5196.008,"[1033.652, 14772.339]",77116.92,"[75731.007, 78528.196]",90913.116,"[87938.461, 93988.392]",34835.095,"[34064.694, 35622.919]",87.172,"[77.17, 98.47]"
Dk =beta*epsilon/eta*k^2,61952.282,"[57934.53, 75755.957]",53696.852,"[42893.523, 57871.917]",49516.427,"[365.455, 230654.415]",1975.989,"[1086.105, 1694672.203]",7987.52,"[58.657, 119767.341]",6877.514,"[3582.669, 8838.207]",21309.367,"[4152.621, 295899.263]",3617.977,"[816.494, 32301.299]",103302.36,"[119.29, 9114487.958]",280462.732,"[1295.703, 678100.523]",204956.033,"[26.116, 7559863.858]",12805.06,"[12047.655, 13610.081]",18780.419,"[17804.712, 19809.594]",166167.275,"[155853.535, 177163.535]",14737.448,"[13751.606, 15793.963]",80951.947,"[76386.217, 85790.579]",54177.338,"[50663.809, 57934.53]",13458.642,"[213.378, 168893.317]",16464.98,"[1729.026, 98360.077]",16915.035,"[336.265, 142462.172]",161387.558,"[854.767, 1911901.134]",232266.557,"[1039.253, 2230523.602]",31392.832,"[21592.875, 53010.086]",3758.499,"[517.977, 165263.661]",13699.687,"[13059.686, 14371.053]",93420.729,"[86957.043, 100364.873]",31228.741,"[29679.003, 32859.401]",2263741.357,"[2021626.313, 2534852.707]"
Fk^2/Dk=beta^3/eta*epsilon,39959.986,"[37871.599, 42163.534]",41247.777,"[38367.183, 44344.646]",172.907,"[90.254, 398.872]",7.305,"[3.194, 16.705]",23.141,"[7.702, 38.155]",20461.808,"[6021.333, 21579.525]",833.0,"[33.18, 1635.388]",24166.673,"[1055.502, 32124.117]",0.144,"[2.88e-06, 1.575]",25.721,"[2.125, 59.051]",2.19e-06,"[2.72e-09, 0.0413]",9055.62,"[8588.363, 9548.298]",197542.77,"[188712.904, 206785.786]",21472.358,"[20788.482, 22178.732]",99338.407,"[93085.976, 106010.803]",55615.457,"[53360.687, 57965.504]",47436.977,"[45027.655, 49975.216]",20683.002,"[914.826, 184708.806]",5073.451,"[825.721, 5455.597]",35786.587,"[663.067, 121331.702]",22.151,"[2.86, 212.851]",138.157,"[36.188, 672.921]",1834.901,"[24.473, 3877.929]",7016.16,"[1036.86, 10804.495]",419159.068,"[403250.012, 435695.769]",84499.676,"[79742.525, 89540.62]",38416.347,"[37072.54, 39808.864]",0.00361,"[0.00316, 0.00414]"
epsilon/beta^2,0.932,"[0.886, 1.082]",0.935,"[0.875, 0.999]",4.979,"[2.063, 10.492]",57.937,"[31.674, 105.974]",0.337,"[0.273, 1.993]",0.000978,"[0.000613, 0.00283]",9.321,"[7.006, 136.459]",0.0053,"[0.00368, 0.0583]",29.538,"[5.203, 54731.02]",1.326,"[0.558, 7.003]",8720.207,"[65.485, 5084379.976]",3.812,"[3.627, 4.007]",0.203,"[0.195, 0.212]",1.778,"[1.726, 1.831]",0.461,"[0.434, 0.489]",0.722,"[0.695, 0.75]",0.817,"[0.779, 0.858]",0.478,"[0.213, 5.995]",1.39,"[1.315, 6.182]",0.37,"[0.0101, 50.254]",117.194,"[19.615, 513.101]",17.473,"[5.435, 56.171]",5.7,"[3.12, 466.342]",1.635,"[1.286, 8.777]",0.162,"[0.156, 0.167]",0.644,"[0.617, 0.674]",0.92,"[0.892, 0.948]",68.208,"[62.28, 74.7]"
k/beta,0.785,"[0.763, 0.808]",0.761,"[0.742, 0.822]",0.659,"[0.15, 2.666]",3.47,"[0.15, 7.717]",0.247,"[0.0051, 0.73]",0.00089,"[0.000872, 0.00103]",2.034,"[1.008, 5.567]",0.0135,"[0.00995, 0.0367]",0.0985,"[0.00995, 1.828]",0.0348,"[0.00995, 0.187]",0.613,"[0.00995, 12.869]",3.322,"[3.243, 3.403]",0.665,"[0.651, 0.679]",0.62,"[0.604, 0.636]",1.069,"[1.043, 1.096]",0.589,"[0.575, 0.604]",0.785,"[0.763, 0.808]",0.643,"[0.438, 3.201]",0.793,"[0.515, 1.672]",0.709,"[0.438, 4.716]",1.182,"[0.438, 20.668]",1.634,"[0.182, 7.713]",1.471,"[0.902, 3.492]",2.199,"[0.518, 3.631]",0.888,"[0.87, 0.907]",0.636,"[0.615, 0.658]",1.022,"[1.001, 1.044]",0.00257,"[0.00238, 0.00278]"
k^2/epsilon,0.678,"[0.632, 0.839]",0.719,"[0.663, 0.916]",0.121,"[0.00254, 3.652]",0.186,"[0.000312, 0.974]",0.122,"[6.43e-05, 0.386]",0.000825,"[0.0003, 0.00159]",0.445,"[0.0153, 1.055]",0.0406,"[0.00186, 0.107]",7.98e-05,"[4.57e-08, 0.0396]",0.000298,"[4.15e-05, 0.0256]",1.13e-06,"[4.85e-08, 0.0144]",2.89,"[2.711, 3.08]",2.06,"[1.947, 2.181]",0.206,"[0.193, 0.22]",2.706,"[2.514, 2.914]",0.469,"[0.442, 0.498]",0.678,"[0.632, 0.728]",0.786,"[0.0344, 78.37]",0.448,"[0.0574, 2.97]",0.857,"[0.0514, 60.827]",0.0116,"[0.00109, 3.052]",0.0136,"[0.00122, 3.163]",0.35,"[0.235, 0.609]",2.993,"[0.0159, 6.207]",4.727,"[4.478, 4.989]",0.653,"[0.605, 0.705]",1.094,"[1.034, 1.156]",1.03e-07,"[9.44e-08, 1.13e-07]"
best fit no ext hazard_MedianLifetime,27676.92,"[27496.879999999997, 27862.01]",27532.35,"[27352.309999999998, 27717.44]",886.69,"[883.24, 890.24]",749.15,"[745.6999999999999, 752.6999999999999]",18.4,"[17.91, 18.91]",2.75,"[2.729, 2.771]",4762.38,"[4582.49, 4947.33]",45.79,"[45.3, 46.3]",21.72,"[21.23, 22.23]",49.57,"[49.08, 50.08]",31.59,"[31.1, 32.1]",28086.53,"[27906.6, 28271.51]",30014.11,"[29834.11, 30199.170000000002]",27106.67,"[26926.62, 27291.78]",27114.7,"[26934.74, 27299.72]",28648.74,"[28468.870000000003, 28833.670000000002]",27885.74,"[27705.800000000003, 28070.74]",4491.27,"[4311.27, 4676.330000000001]",4524.57,"[4344.73, 4709.46]",4995.95,"[4815.97, 5180.99]",4007.63,"[3827.58, 4192.74]",1492.42,"[1312.4, 1677.5]",4833.57,"[4653.639999999999, 5018.549999999999]",5424.98,"[5245.0199999999995, 5610.0]",30182.78,"[30002.82, 30367.8]",26785.41,"[26605.43, 26970.45]",27058.48,"[26878.44, 27243.57]",3.18,"[3.1180000000000003, 3.2430000000000003]"
best fit no ext hazard_MaxLifetime,39892.99,"[39892.99, 39892.99]",38752.5,"[38752.5, 38752.5]",1406.9,"[1406.9, 1406.9]",1498.0,"[1498.0, 1498.0]",28.15,"[28.15, 28.15]",4.98,"[4.98, 4.98]",9055.64,"[9055.64, 9055.64]",70.11,"[70.11, 70.11]",53.05,"[53.05, 53.05]",75.12,"[75.12, 75.12]",53.83,"[53.83, 53.83]",39611.88,"[39611.88, 39611.88]",39017.54,"[39017.54, 39017.54]",38053.75,"[38053.75, 38053.75]",37652.17,"[37652.17, 37652.17]",38680.22,"[38680.22, 38680.22]",40150.0,"[40150.0, 40150.0]",7324.82,"[7324.82, 7324.82]",6799.12,"[6799.12, 6799.12]",7797.96,"[7797.96, 7797.96]",6799.12,"[6799.12, 6799.12]",3650.0,"[3650.0, 3650.0]",9125.0,"[9125.0, 9125.0]",9000.88,"[9000.88, 9000.88]",40150.0,"[40150.0, 40150.0]",38792.66,"[38792.66, 38792.66]",38607.93,"[38607.93, 38607.93]",8.19,"[8.19, 8.19]"
best fit_MedianLifetime,27636.76,"[27456.71, 27821.87]",26648.87,"[26469.03, 26833.76]",885.2,"[881.75, 888.75]",749.75,"[746.3, 753.3]",18.38,"[17.89, 18.89]",2.76,"[2.739, 2.7809999999999997]",4276.83,"[4096.83, 4461.89]",45.77,"[45.28, 46.28]",21.82,"[21.330000000000002, 22.330000000000002]",49.61,"[49.12, 50.12]",31.43,"[30.94, 31.94]",27676.92,"[27496.96, 27861.94]",29676.79,"[29496.850000000002, 29861.79]",26970.13,"[26790.09, 27155.22]",26841.63,"[26661.74, 27026.58]",28544.33,"[28364.29, 28729.420000000002]",27709.04,"[27528.99, 27894.15]",4417.68,"[4237.68, 4602.740000000001]",4493.03,"[4313.03, 4678.09]",4917.1,"[4737.120000000001, 5102.14]",3923.51,"[3743.6000000000004, 4108.4800000000005]",1496.07,"[1316.1599999999999, 1681.04]",4556.11,"[4376.219999999999, 4741.0599999999995]",5185.86,"[5005.95, 5370.83]",29797.26,"[29617.48, 29982.1]",26656.9,"[26476.81, 26842.050000000003]",26817.53,"[26637.57, 27002.55]",3.16,"[3.0980000000000003, 3.2230000000000003]"
best fit_MaxLifetime,39957.24,"[39957.24, 39957.24]",38399.11,"[38399.11, 38399.11]",1437.17,"[1437.17, 1437.17]",1478.22,"[1478.22, 1478.22]",27.33,"[27.33, 27.33]",4.93,"[4.93, 4.93]",9125.0,"[9125.0, 9125.0]",70.31,"[70.31, 70.31]",46.45,"[46.45, 46.45]",75.84,"[75.84, 75.84]",55.75,"[55.75, 55.75]",39218.33,"[39218.33, 39218.33]",38776.6,"[38776.6, 38776.6]",37933.28,"[37933.28, 37933.28]",37507.6,"[37507.6, 37507.6]",38985.42,"[38985.42, 38985.42]",39579.76,"[39579.76, 39579.76]",7296.79,"[7296.79, 7296.79]",6613.37,"[6613.37, 6613.37]",7985.46,"[7985.46, 7985.46]",6576.57,"[6576.57, 6576.57]",3650.0,"[3650.0, 3650.0]",9125.0,"[9125.0, 9125.0]",8924.21,"[8924.21, 8924.21]",39804.64,"[39804.64, 39804.64]",38503.52,"[38503.52, 38503.52]",39539.6,"[39539.6, 39539.6]",8.04,"[8.04, 8.04]"
data_MedianLifetime,29017.5,"[28835.78, 29201.48]",26462.5,"[26282.86, 26644.4]",886.0,"[882.62, 889.6]",770.0,"[766.63, 773.63]",18.3,"[17.82, 18.82]",2.84,"[2.82, 2.8609999999999998]",4380.0,"[4199.87, 4565.19]",47.0,"[46.52, 47.54]",22.0,"[21.5, 22.56]",50.0,"[49.51, 50.55]",31.0,"[30.57, 31.49]",26462.5,"[26282.86, 26644.4]",29017.5,"[28835.78, 29201.48]",25185.0,"[25004.5, 25367.76]",24455.0,"[24273.67, 24638.59]",27192.5,"[27011.44, 27375.82]",25550.0,"[25369.5, 25732.76]",4402.98,"[4228.349999999999, 4593.209999999999]",4487.88,"[4312.55, 4677.57]",4943.61,"[4770.0599999999995, 5135.33]",3915.32,"[3743.73, 4108.45]",1468.99,"[1300.48, 1665.02]",4577.1,"[4401.320000000001, 4766.09]",5201.25,"[5025.35, 5390.91]",29017.5,"[28835.78, 29201.48]",25185.0,"[25004.5, 25367.76]",24455.0,"[24273.67, 24638.59]",3.25,"[3.191, 3.311]"
data_MaxLifetime,40150.0,"[40150.0, 40150.0]",39237.5,"[39237.5, 39237.5]",1456.0,"[1456.0, 1456.0]",1338.0,"[1338.0, 1338.0]",30.46,"[30.46, 30.46]",5.74,"[5.74, 5.74]",6205.0,"[6205.0, 6205.0]",66.0,"[66.0, 66.0]",47.0,"[47.0, 47.0]",82.0,"[82.0, 82.0]",53.0,"[53.0, 53.0]",39237.5,"[39237.5, 39237.5]",40150.0,"[40150.0, 40150.0]",37777.5,"[37777.5, 37777.5]",39602.5,"[39602.5, 39602.5]",38872.5,"[38872.5, 38872.5]",39602.5,"[39602.5, 39602.5]",7253.03,"[7253.03, 7253.03]",7065.12,"[7065.12, 7065.12]",7788.62,"[7788.62, 7788.62]",6935.21,"[6935.21, 6935.21]",3649.5,"[3649.5, 3649.5]",9672.5,"[9672.5, 9672.5]",9161.5,"[9161.5, 9161.5]",40150.0,"[40150.0, 40150.0]",37777.5,"[37777.5, 37777.5]",39602.5,"[39602.5, 39602.5]",7.88,"[7.88, 7.88]"
ML_lnprob,,,,,-23782.520433176214,"[-23782.520433176218, -23782.520433176218]",-18452.720352933,"[-18452.720352933, -18452.720352933]",-17158.07182790857,"[-17158.07182790857, -17158.07182790857]",-49914.22568292802,"[-49914.22568292802, -49914.22568292802]",-60558.09142866669,"[-60558.09142866669, -60558.09142866669]",-4032.9856234774975,"[-4032.9856234774975, -4032.9856234774975]",-3412.844186794696,"[-3412.844186794696, -3412.844186794696]",-3836.2999302519142,"[-3836.2999302519147, -3836.2999302519147]",-2812.1069542078462,"[-2812.1069542078462, -2812.1069542078462]",-377729.8498961141,"[-377729.8498961141, -377729.8498961141]",-384645.7519822385,"[-384645.7519822385, -384645.7519822385]",-356253.4388665623,"[-356253.4388665623, -356253.4388665623]",-331778.0911707365,"[-331778.0911707365, -331778.0911707365]",-370794.76481385506,"[-370794.76481385506, -370794.76481385506]",-346955.23771160276,"[-346955.23771160276, -346955.23771160276]",-17573.376625049652,"[-17573.376625049652, -17573.376625049652]",-20998.558840421138,"[-20998.558840421138, -20998.558840421138]",-12669.054772033034,"[-12669.054772033034, -12669.054772033034]",-8450.4844673953,"[-8450.4844673953, -8450.4844673953]",-4923.7407795883355,"[-4923.7407795883355, -4923.7407795883355]",-21910.355072076876,"[-21910.355072076876, -21910.355072076876]",-20437.248890420808,"[-20437.248890420808, -20437.248890420808]",-385019.4183674486,"[-385019.4183674486, -385019.4183674486]",-356549.77931334125,"[-356549.77931334125, -356549.77931334125]",-332119.0108116233,"[-332119.0108116233, -332119.0108116233]",-90121.12894204134,"[-90121.12894204134, -90121.12894204134]"
ExtH,,,,,,,,,,,,,4.089,"[4.007, 4.237]",,,,,,,,,7.012,"[7.007, 7.018]",7.204,"[7.198, 7.209]",7.733,"[7.727, 7.74]",7.985,"[7.979, 7.992]",7.83,"[7.824, 7.837]",7.477,"[7.471, 7.483]",5.433,"[5.255, 5.757]",6.157,"[5.801, 6.183]",5.516,"[5.494, 5.932]",4.863,"[4.827, 5.306]",,,4.608,"[4.565, 4.652]",4.627,"[4.565, 4.782]",6.983,"[6.978, 6.989]",8.212,"[8.205, 8.218]",7.632,"[7.626, 7.638]",,
eta_xc,,,,,,,,,,,,,,,,,,,,,,,,,,,,,,,,,,,,,,,,,,,,,,,,,,,,,,,,
beta_xc,,,,,,,,,,,,,,,,,,,,,,,,,,,,,,,,,,,,,,,,,,,,,,,,,,,,,,,,
epsilon_xc2,,,,,,,,,,,,,,,,,,,,,,,,,,,,,,,,,,,,,,,,,,,,,,,,,,,,,,,,
eta/xc,1.1e-06,"[1.06e-06, 1.13e-06]",1.09e-06,"[1.05e-06, 1.19e-06]",2.45e-05,"[1.34e-05, 3.35e-05]",6.76e-06,"[5.42e-06, 8.87e-06]",0.0102,"[0.00901, 0.0143]",23.32,"[12.705, 25.894]",1.3e-06,"[2.71e-07, 1.71e-06]",0.125,"[0.0233, 0.143]",0.00271,"[0.00249, 0.00439]",0.00211,"[0.00112, 0.00328]",0.00168,"[0.00162, 0.00191]",3.01e-07,"[2.92e-07, 3.1e-07]",2.73e-06,"[2.67e-06, 2.79e-06]",7.09e-07,"[6.94e-07, 7.25e-07]",1.83e-06,"[1.78e-06, 1.88e-06]",1.32e-06,"[1.29e-06, 1.36e-06]",1.2e-06,"[1.17e-06, 1.24e-06]",1.03e-05,"[3.75e-06, 1.7e-05]",3.72e-06,"[2.24e-06, 7.25e-06]",5.01e-06,"[6.99e-07, 2.18e-05]",3.77e-07,"[1.75e-07, 8.8e-07]",2.95e-06,"[1.81e-06, 5.83e-06]",1.74e-06,"[1.18e-06, 2.58e-06]",3.73e-06,"[1.3e-06, 3.83e-06]",2.98e-06,"[2.93e-06, 3.02e-06]",1.48e-06,"[1.45e-06, 1.52e-06]",1.05e-06,"[1.03e-06, 1.07e-06]",0.122,"[0.111, 0.123]"
beta/xc,0.0456,"[0.0412, 0.0472]",0.0483,"[0.0465, 0.0501]",0.0151,"[0.00918, 0.0326]",0.00327,"[0.00198, 0.00483]",0.0635,"[0.0505, 0.126]",183.437,"[83.137, 201.711]",0.0113,"[0.00129, 0.014]",12.685,"[1.351, 14.728]",0.0164,"[0.000532, 0.0484]",0.0654,"[0.0169, 0.121]",0.000605,"[2.7e-05, 0.00814]",0.0108,"[0.0105, 0.0112]",0.121,"[0.118, 0.124]",0.0265,"[0.0258, 0.0272]",0.0737,"[0.0713, 0.0761]",0.0526,"[0.0511, 0.0541]",0.0487,"[0.0472, 0.0503]",0.131,"[0.0175, 0.193]",0.044,"[0.0117, 0.0497]",0.169,"[0.00226, 0.691]",0.000772,"[0.000245, 0.00363]",0.00776,"[0.00386, 0.0215]",0.0182,"[0.00144, 0.0311]",0.0422,"[0.0121, 0.0504]",0.203,"[0.199, 0.207]",0.0857,"[0.083, 0.0884]",0.0585,"[0.0571, 0.06]",0.0309,"[0.0016, 0.0388]"
epsilon/xc^2,0.00192,"[0.00188, 0.00197]",0.00176,"[0.00164, 0.00181]",0.00165,"[0.000812, 0.00252]",0.000577,"[0.000447, 0.000836]",0.00507,"[0.00428, 0.00842]",11.853,"[6.3, 12.115]",0.00126,"[0.000202, 0.00171]",0.66,"[0.112, 0.724]",0.00787,"[0.0072, 0.0123]",0.00299,"[0.00173, 0.00765]",0.00212,"[0.00194, 0.00247]",0.000467,"[0.000458, 0.000476]",0.00295,"[0.0029, 0.00301]",0.00125,"[0.00122, 0.00127]",0.00249,"[0.00244, 0.00255]",0.00206,"[0.00201, 0.00211]",0.00198,"[0.00194, 0.00202]",0.00633,"[0.00213, 0.0108]",0.00292,"[0.000823, 0.00301]",0.0101,"[0.000233, 0.014]",8.38e-05,"[3.58e-05, 0.000314]",0.00131,"[0.000796, 0.00303]",0.00194,"[0.00108, 0.00314]",0.00315,"[0.00119, 0.00445]",0.00667,"[0.00657, 0.00678]",0.00442,"[0.00431, 0.00454]",0.0031,"[0.00304, 0.00316]",0.0642,"[0.0598, 0.0655]"
k/xc,0.0363,"[0.0351, 0.0375]",0.0404,"[0.0356, 0.0421]",0.0163,"[0.00202, 0.0453]",0.0114,"[0.000421, 0.0192]",0.0115,"[0.0018, 0.0311]",0.117,"[0.075, 0.148]",0.0232,"[0.00183, 0.0329]",0.134,"[0.0195, 0.214]",0.000493,"[1.86e-05, 0.0143]",0.00123,"[0.000287, 0.0071]",0.000115,"[1e-05, 0.00278]",0.0355,"[0.0344, 0.0366]",0.0811,"[0.0788, 0.0835]",0.0167,"[0.0161, 0.0173]",0.0815,"[0.0786, 0.0844]",0.0305,"[0.0297, 0.0314]",0.0388,"[0.0375, 0.0401]",0.0817,"[0.00797, 0.645]",0.036,"[0.00608, 0.0557]",0.0653,"[0.00731, 1.193]",0.00159,"[0.000318, 0.0201]",0.00684,"[0.00119, 0.06]",0.0268,"[0.0207, 0.0348]",0.0942,"[0.00842, 0.155]",0.181,"[0.176, 0.186]",0.0521,"[0.0502, 0.054]",0.059,"[0.0574, 0.0607]",8.14e-05,"[3.86e-05, 0.000187]"
